subject,size,chunkCount,chunkSizeMean,proofStepsMean,proofBytesMean,ingestHashOps,ingestMsMean,ingestLogsPerSecMean,proofGenMicrosMean,verifyMicrosMean,editHashOpsMean,editMicrosMean,insertChunkRootsChangedMean,insertHashOpsMean,heapMbMean
fixed-size,1000,16,62.5000,9.9840,319.4880,1999,0.7117,1454390.9596,0.3119,2.8379,77.8000,69.2500,8.7000,1073.9000,0.1086
time-window,1000,88,11.3636,10.8410,346.9120,1999,1.0385,1274433.4569,0.5250,4.5814,107.9000,40.3370,1.0000,129.8000,0.1291
entropy,1000,55,18.1818,10.3740,331.9680,1999,1.2767,942339.6415,0.3113,2.9787,72.0000,61.5990,1.4000,104.3000,0.1210
resource-aware,1000,15,66.6667,10.6520,340.8640,1999,0.6297,1588444.0591,0.2529,3.6993,81.5000,20.2600,8.2500,1062.7500,0.1089
caac,1000,21,47.6190,10.6250,340.0000,1999,0.8133,1282052.1148,0.2108,3.2506,89.4500,24.0280,1.0000,159.9000,0.1105
paper-pipeline,1000,1,1000.0000,9.9840,319.4880,9335,2.2418,456464.9468,0.1641,2.4633,1000.0000,207.5550,,1001.0000,0.1492
fixed-size,5000,79,63.2911,12.6300,404.1600,9999,3.4456,1457455.8602,0.2255,4.1962,139.2000,67.9570,40.4000,5098.8000,0.5410
time-window,5000,403,12.4069,13.1270,420.0640,9999,4.2101,1219173.2223,0.2513,4.4041,429.2000,109.1130,1.0000,457.4000,0.6337
entropy,5000,255,19.6078,12.5920,402.9440,9999,5.4085,949128.1420,0.2189,4.8876,276.3500,94.1500,1.6500,321.1000,0.5980
resource-aware,5000,72,69.4444,13.4440,430.2080,9999,5.2783,1021368.0704,0.2261,4.9256,139.0000,48.8280,36.7500,5101.2500,0.5420
caac,5000,81,61.7284,13.2210,423.0720,9999,5.8672,865874.6590,0.2678,9.0156,162.0500,69.0450,1.1500,267.9500,0.5437
paper-pipeline,5000,1,5000.0000,12.6300,404.1600,188848,41.4288,122512.3332,0.2533,4.7659,5000.0000,1091.9410,,5001.0000,0.7445
fixed-size,10000,157,63.6943,13.6300,436.1600,19999,8.4414,1186804.8521,0.2710,4.1548,217.6000,64.6670,79.3000,10133.1000,1.0813
time-window,10000,797,12.5471,14.1190,451.8080,19999,9.3306,1082880.5184,0.4624,3.8734,818.8000,236.2830,1.0000,842.6000,1.2665
entropy,10000,513,19.4932,14.6000,467.2000,19999,12.9355,807357.4421,0.4246,5.4552,531.7500,119.8770,1.4500,567.7500,1.1969
resource-aware,10000,143,69.9301,14.4220,461.5040,19999,7.8337,1299177.4848,0.2888,4.7981,211.5000,60.1360,72.0000,10132.0000,1.0833
caac,10000,149,67.1141,14.2000,454.4000,19999,9.4338,1074033.1745,0.2422,3.0009,234.9000,55.2070,1.3500,374.2000,1.0856
paper-pipeline,10000,1,10000.0000,13.6300,436.1600,730567,127.7467,78310.2872,0.5622,3.8674,10000.0000,1956.3970,,10001.0000,1.4883
fixed-size,50000,782,63.9386,15.9280,509.6960,99999,35.7302,1400159.8724,0.7110,3.1614,842.6000,159.2180,391.8000,50445.6000,5.4042
time-window,50000,3920,12.7551,16.2290,519.3280,99999,41.2950,1220208.8964,0.6080,2.7165,3941.5000,1004.6210,1.0000,3964.7000,6.3225
entropy,50000,2569,19.4628,16.3510,523.2320,99999,52.5117,958855.0849,0.7367,3.3337,2588.2500,737.2160,1.9000,2641.6000,5.9850
resource-aware,50000,715,69.9301,16.3990,524.7680,99999,36.5124,1375498.4417,0.6334,3.2968,781.5000,155.5440,358.3500,50426.6500,5.4294
caac,50000,702,71.2251,16.3930,524.5760,99999,41.1429,1231868.3067,0.6551,3.1241,788.1000,158.5490,1.2000,902.9000,5.4335
paper-pipeline,50000,1,50000.0000,15.9280,509.6960,17967135,3214.7716,15810.1918,0.8549,3.2023,50000.0000,9784.1310,,50001.0000,7.4394
fixed-size,100000,1563,63.9795,16.9280,541.6960,199999,90.4298,1109000.8942,1.5630,4.0063,1624.4000,429.1370,782.2000,100839.4000,10.8166
time-window,100000,7886,12.6807,17.2550,552.1600,199999,90.9475,1108309.7366,1.1670,3.9951,7908.6500,2665.6190,1.0000,7931.1000,12.6485
entropy,100000,5129,19.4970,17.3610,555.5520,199999,114.6984,872365.8718,1.3788,4.8031,5148.8500,1697.5330,1.7000,5195.7000,11.9619
resource-aware,100000,1429,69.9790,17.3930,556.5760,199999,85.0944,1179663.2606,1.3495,3.9794,1496.5000,372.1010,715.2000,100782.8000,10.8326
caac,100000,1397,71.5820,17.4110,557.1520,199999,78.0776,1291207.4824,1.0772,3.5286,1491.2500,317.5620,1.1500,1603.1500,10.8011
paper-pipeline,100000,1,100000.0000,16.9280,541.6960,71619991,12624.4076,7932.6519,0.9849,3.5395,100000.0000,20936.5350,,100001.0000,14.8779
